{
  "version": 1,
  "author": "Anonymous maker",
  "editor": "wokwi",
  "parts": [
    { "type": "wokwi-arduino-nano", "id": "nano", "top": 100.8, "left": 85.9, "attrs": {} },
    { "type": "wokwi-servo", "id": "servo1", "top": -40.4, "left": 86.4, "attrs": {} }
  ],
  "connections": [
    [ "servo1:GND", "nano:GND.2", "black", [ "h0", "v-48", "h201.6", "v124.8", "h-76.8" ] ],
    [ "servo1:V+", "nano:5V", "red", [ "h-67.2", "v182.5", "h115.2" ] ],
    [ "servo1:PWM", "nano:9", "green", [ "h-28.8", "v57.8", "h76.8" ] ]
  ],
  "dependencies": {}
}