{
  "version": 1,
  "author": "Anonymous maker",
  "editor": "wokwi",
  "parts": [
    { "type": "wokwi-arduino-nano", "id": "nano", "top": -100.8, "left": -0.5, "attrs": {} },
    {
      "type": "board-ssd1306",
      "id": "oled1",
      "top": 3.14,
      "left": 38.63,
      "attrs": { "i2cAddress": "0x3c" }
    }
  ],
  "connections": [
    [ "oled1:GND", "nano:GND.1", "black", [ "v-28.8", "h67.2" ] ],
    [ "oled1:VCC", "nano:5V", "red", [ "v-38.4", "h38.55" ] ],
    [ "oled1:SCL", "nano:A5", "green", [ "v0" ] ],
    [ "oled1:SDA", "nano:A4", "blue", [ "v-19.2", "h-47.93", "v-19.2", "h28.8" ] ]
  ],
  "dependencies": {}
}