{
  "version": 1,
  "author": "Anonymous maker",
  "editor": "wokwi",
  "parts": [
    { "type": "wokwi-arduino-nano", "id": "nano", "top": 81.6, "left": -77.3, "attrs": {} },
    { "type": "wokwi-lcd1602", "id": "lcd1", "top": -82.97, "left": -128, "attrs": {} },
    {
      "type": "wokwi-resistor",
      "id": "r1",
      "top": 51.95,
      "left": 67.2,
      "attrs": { "value": "220" }
    }
  ],
  "connections": [
    [ "lcd1:VSS", "lcd1:RW", "black", [ "v19.2", "h38.4" ] ],
    [ "lcd1:K", "lcd1:RW", "black", [ "v19.2", "h-105.6", "v0" ] ],
    [ "lcd1:K", "nano:GND.2", "black", [ "v19.2", "h19.2" ] ],
    [ "r1:1", "lcd1:A", "red", [ "v-28.8", "h-48" ] ],
    [ "lcd1:VDD", "r1:2", "red", [ "v-19.2", "h0.1", "v-9.6", "h230.4" ] ],
    [ "lcd1:VDD", "nano:5V", "red", [ "v-28.8", "h-28.7", "v153.6", "h182.4" ] ],
    [ "lcd1:RS", "nano:12", "#8f4814", [ "v0" ] ],
    [ "lcd1:E", "nano:11", "purple", [ "v28.8", "h19.2" ] ],
    [ "lcd1:D4", "nano:5", "green", [ "v28.8", "h28.8" ] ],
    [ "lcd1:D5", "nano:4", "green", [ "v19.2", "h28.9" ] ],
    [ "lcd1:D6", "nano:3", "green", [ "v9.6", "h19.4" ] ],
    [ "lcd1:D7", "nano:2", "green", [ "v9.6", "h9.9" ] ]
  ],
  "dependencies": {}
}