{
  "version": 1,
  "author": "Anonymous maker",
  "editor": "wokwi",
  "parts": [
    { "type": "wokwi-arduino-nano", "id": "nano", "top": 100.8, "left": 85.9, "attrs": {} },
    { "type": "wokwi-hc-sr04", "id": "ultrasonic1", "top": -36.9, "left": 82.3, "attrs": {} }
  ],
  "connections": [
    [ "ultrasonic1:VCC", "nano:5V", "red", [ "v9.6", "h-86.4", "v124.8", "h144" ] ],
    [ "ultrasonic1:GND", "nano:GND.2", "black", [ "v28.8", "h27.6" ] ],
    [ "ultrasonic1:TRIG", "nano:9", "green", [ "v19.2", "h-29.2", "v9.6" ] ],
    [ "ultrasonic1:ECHO", "nano:10", "blue", [ "v38.4", "h-48.8" ] ]
  ],
  "dependencies": {}
}