{
  "version": 1,
  "author": "Anonymous maker",
  "editor": "wokwi",
  "parts": [
    { "type": "wokwi-arduino-nano", "id": "nano", "top": 0, "left": 0, "attrs": {} },
    { "type": "wokwi-microsd-card", "id": "sd1", "top": -114.97, "left": 19.27, "attrs": {} }
  ],
  "connections": [
    [ "sd1:CS", "nano:4", "orange", [ "h28.8", "v19.26", "h-28.8" ] ],
    [ "sd1:DO", "nano:12", "#8f4814", [ "h57.6", "v76.91", "h-134.4" ] ],
    [ "sd1:DI", "nano:11", "blue", [ "h38.4", "v47.91", "h-105.6" ] ],
    [ "sd1:SCK", "nano:13", "green", [ "h124.8", "v163.19", "h-201.6", "v-9.6" ] ],
    [ "sd1:GND", "nano:GND.1", "black", [ "h86.4", "v163.31", "h-38.4" ] ],
    [ "sd1:VCC", "nano:5V", "red", [ "h105.6", "v163.34", "h-76.8", "v-9.6" ] ]
  ],
  "dependencies": {}
}